{"cameraMode":{"drawMode":0,"name":"Shaded","section":"Shading Mode"},"sceneLighting":true,"audioPlay":false,"sceneViewState":{"showFog":true,"showMaterialUpdate":false,"showSkybox":true,"showFlares":true,"showImageEffects":true,"showParticleSystems":true},"in2DMode":false,"pivot":{"x":32.63435363769531,"y":42.728275299072269,"z":41.03717803955078},"rotation":{"x":-0.34250950813293459,"y":0.12406573444604874,"z":-0.045684315264225009,"w":-0.9301655292510986},"size":57.94035720825195,"orthographic":false}