{"cameraMode":{"drawMode":0,"name":"Shaded","section":"Shading Mode"},"sceneLighting":false,"audioPlay":false,"sceneViewState":{"showFog":true,"showMaterialUpdate":false,"showSkybox":true,"showFlares":true,"showImageEffects":true,"showParticleSystems":true},"in2DMode":false,"pivot":{"x":60.41926193237305,"y":1.0,"z":26.902849197387697},"rotation":{"x":0.07700156420469284,"y":0.8994405269622803,"z":-0.17653629183769227,"w":0.3923168480396271},"size":4.041658401489258,"orthographic":false}