{"cameraMode":{"drawMode":0,"name":"Shaded","section":"Shading Mode"},"sceneLighting":true,"audioPlay":false,"sceneViewState":{"showFog":true,"showMaterialUpdate":false,"showSkybox":true,"showFlares":true,"showImageEffects":true,"showParticleSystems":true},"in2DMode":false,"pivot":{"x":-63.599578857421878,"y":-20.44207763671875,"z":64.06147766113281},"rotation":{"x":-0.19647054374217988,"y":0.36396434903144839,"z":-0.07883752882480622,"w":-0.9070358276367188},"size":77.50100708007813,"orthographic":false}