{"cameraMode":{"drawMode":0,"name":"Shaded","section":"Shading Mode"},"sceneLighting":false,"audioPlay":false,"sceneViewState":{"showFog":true,"showMaterialUpdate":false,"showSkybox":true,"showFlares":true,"showImageEffects":true,"showParticleSystems":true},"in2DMode":false,"pivot":{"x":58.203163146972659,"y":0.14290809631347657,"z":31.510000228881837},"rotation":{"x":0.09522620588541031,"y":0.8966579437255859,"z":-0.2354700267314911,"w":0.36261609196662905},"size":22.0,"orthographic":false}