{"cameraMode":{"drawMode":0,"name":"Shaded","section":"Shading Mode"},"sceneLighting":false,"audioPlay":false,"sceneViewState":{"showFog":true,"showMaterialUpdate":false,"showSkybox":true,"showFlares":true,"showImageEffects":true,"showParticleSystems":true},"in2DMode":false,"pivot":{"x":57.06911849975586,"y":-1.7359509468078614,"z":30.24664306640625},"rotation":{"x":0.049193430691957477,"y":0.9474060535430908,"z":-0.17858250439167024,"w":0.26097914576530459},"size":23.436391830444337,"orthographic":false}